adorer,je,indicatif,présent,adore
adorer,tu,indicatif,présent,adores
adorer,il,indicatif,présent,adore
adorer,elle,indicatif,présent,adore
adorer,on,indicatif,présent,adore
adorer,nous,indicatif,présent,adorons
adorer,vous,indicatif,présent,adorez
adorer,ils,indicatif,présent,adorent
adorer,elles,indicatif,présent,adorent
aimer,je,indicatif,présent,aime
aimer,tu,indicatif,présent,aimes
aimer,il,indicatif,présent,aime
aimer,elle,indicatif,présent,aime
aimer,on,indicatif,présent,aime
aimer,nous,indicatif,présent,aimons
aimer,vous,indicatif,présent,aimez
aimer,ils,indicatif,présent,aiment
aimer,elles,indicatif,présent,aiment
allumer,je,indicatif,présent,allume
allumer,tu,indicatif,présent,allumes
allumer,il,indicatif,présent,allume
allumer,elle,indicatif,présent,allume
allumer,on,indicatif,présent,allume
allumer,nous,indicatif,présent,allumons
allumer,vous,indicatif,présent,allumez
allumer,ils,indicatif,présent,allument
allumer,elles,indicatif,présent,allument
arriver,je,indicatif,présent,arrive
arriver,tu,indicatif,présent,arrives
arriver,il,indicatif,présent,arrive
arriver,elle,indicatif,présent,arrive
arriver,on,indicatif,présent,arrive
arriver,nous,indicatif,présent,arrivons
arriver,vous,indicatif,présent,arrivez
arriver,ils,indicatif,présent,arrivent
arriver,elles,indicatif,présent,arrivent
apporter,je,indicatif,présent,apporte
apporter,tu,indicatif,présent,apportes
apporter,il,indicatif,présent,apporte
apporter,elle,indicatif,présent,apporte
apporter,on,indicatif,présent,apporte
apporter,nous,indicatif,présent,apportons
apporter,vous,indicatif,présent,apportez
apporter,ils,indicatif,présent,apportent
apporter,elles,indicatif,présent,apportent
bavarder,je,indicatif,présent,bavarde
bavarder,tu,indicatif,présent,bavardes
bavarder,il,indicatif,présent,bavarde
bavarder,elle,indicatif,présent,bavarde
bavarder,on,indicatif,présent,bavarde
bavarder,nous,indicatif,présent,bavardons
bavarder,vous,indicatif,présent,bavardez
bavarder,ils,indicatif,présent,bavardent
bavarder,elles,indicatif,présent,bavardent
casser,je,indicatif,présent,casse
casser,tu,indicatif,présent,casses
casser,il,indicatif,présent,casse
casser,elle,indicatif,présent,casse
casser,on,indicatif,présent,casse
casser,nous,indicatif,présent,cassons
casser,vous,indicatif,présent,cassez
casser,ils,indicatif,présent,cassent
casser,elles,indicatif,présent,cassent
cesser,je,indicatif,présent,cesse
cesser,tu,indicatif,présent,cesses
cesser,il,indicatif,présent,cesse
cesser,elle,indicatif,présent,cesse
cesser,on,indicatif,présent,cesse
cesser,nous,indicatif,présent,cessons
cesser,vous,indicatif,présent,cessez
cesser,ils,indicatif,présent,cessent
cesser,elles,indicatif,présent,cessent
chanter,je,indicatif,présent,chante
chanter,tu,indicatif,présent,chantes
chanter,il,indicatif,présent,chante
chanter,elle,indicatif,présent,chante
chanter,on,indicatif,présent,chante
chanter,nous,indicatif,présent,chantons
chanter,vous,indicatif,présent,chantez
chanter,ils,indicatif,présent,chantent
chanter,elles,indicatif,présent,chantent
chercher,je,indicatif,présent,cherche
chercher,tu,indicatif,présent,cherches
chercher,il,indicatif,présent,cherche
chercher,elle,indicatif,présent,cherche
chercher,on,indicatif,présent,cherche
chercher,nous,indicatif,présent,cherchons
chercher,vous,indicatif,présent,cherchez
chercher,ils,indicatif,présent,cherchent
chercher,elles,indicatif,présent,cherchent
créer,je,indicatif,présent,crée
créer,tu,indicatif,présent,crées
créer,il,indicatif,présent,crée
créer,elle,indicatif,présent,crée
créer,on,indicatif,présent,crée
créer,nous,indicatif,présent,créons
créer,vous,indicatif,présent,créez
créer,ils,indicatif,présent,créent
créer,elles,indicatif,présent,créent
danser,je,indicatif,présent,danse
danser,tu,indicatif,présent,danses
danser,il,indicatif,présent,danse
danser,elle,indicatif,présent,danse
danser,on,indicatif,présent,danse
danser,nous,indicatif,présent,dansons
danser,vous,indicatif,présent,dansez
danser,ils,indicatif,présent,dansent
danser,elles,indicatif,présent,dansent
déjeuner,je,indicatif,présent,déjeune
déjeuner,tu,indicatif,présent,déjeunes
déjeuner,il,indicatif,présent,déjeune
déjeuner,elle,indicatif,présent,déjeune
déjeuner,on,indicatif,présent,déjeune
déjeuner,nous,indicatif,présent,déjeunons
déjeuner,vous,indicatif,présent,déjeunez
déjeuner,ils,indicatif,présent,déjeunent
déjeuner,elles,indicatif,présent,déjeunent
demander,je,indicatif,présent,demande
demander,tu,indicatif,présent,demandes
demander,il,indicatif,présent,demande
demander,elle,indicatif,présent,demande
demander,on,indicatif,présent,demande
demander,nous,indicatif,présent,demandons
demander,vous,indicatif,présent,demandez
demander,ils,indicatif,présent,demandent
demander,elles,indicatif,présent,demandent
dépenser,je,indicatif,présent,dépense
dépenser,tu,indicatif,présent,dépenses
dépenser,il,indicatif,présent,dépense
dépenser,elle,indicatif,présent,dépense
dépenser,on,indicatif,présent,dépense
dépenser,nous,indicatif,présent,dépensons
dépenser,vous,indicatif,présent,dépensez
dépenser,ils,indicatif,présent,dépensent
dépenser,elles,indicatif,présent,dépensent
dessiner,je,indicatif,présent,dessine
dessiner,tu,indicatif,présent,dessines
dessiner,il,indicatif,présent,dessine
dessiner,elle,indicatif,présent,dessine
dessiner,on,indicatif,présent,dessine
dessiner,nous,indicatif,présent,dessinons
dessiner,vous,indicatif,présent,dessinez
dessiner,ils,indicatif,présent,dessinent
dessiner,elles,indicatif,présent,dessinent
détester,je,indicatif,présent,déteste
détester,tu,indicatif,présent,détestes
détester,il,indicatif,présent,déteste
détester,elle,indicatif,présent,déteste
détester,on,indicatif,présent,déteste
détester,nous,indicatif,présent,détestons
détester,vous,indicatif,présent,détestez
détester,ils,indicatif,présent,détestent
détester,elles,indicatif,présent,détestent
donner,je,indicatif,présent,donne
donner,tu,indicatif,présent,donnes
donner,il,indicatif,présent,donne
donner,elle,indicatif,présent,donne
donner,on,indicatif,présent,donne
donner,nous,indicatif,présent,donnons
donner,vous,indicatif,présent,donnez
donner,ils,indicatif,présent,donnent
donner,elles,indicatif,présent,donnent
écouter,je,indicatif,présent,écoute
écouter,tu,indicatif,présent,écoutes
écouter,il,indicatif,présent,écoute
écouter,elle,indicatif,présent,écoute
écouter,on,indicatif,présent,écoute
écouter,nous,indicatif,présent,écoutons
écouter,vous,indicatif,présent,écoutez
écouter,ils,indicatif,présent,écoutent
écouter,elles,indicatif,présent,écoutent
emporter,je,indicatif,présent,emporte
emporter,tu,indicatif,présent,emportes
emporter,il,indicatif,présent,emporte
emporter,elle,indicatif,présent,emporte
emporter,on,indicatif,présent,emporte
emporter,nous,indicatif,présent,emportons
emporter,vous,indicatif,présent,emportez
emporter,ils,indicatif,présent,emportent
emporter,elles,indicatif,présent,emportent
emprunter,je,indicatif,présent,emprunte
emprunter,tu,indicatif,présent,empruntes
emprunter,il,indicatif,présent,emprunte
emprunter,elle,indicatif,présent,emprunte
emprunter,on,indicatif,présent,emprunte
emprunter,nous,indicatif,présent,empruntons
emprunter,vous,indicatif,présent,empruntez
emprunter,ils,indicatif,présent,empruntent
emprunter,elles,indicatif,présent,empruntent
étudier,je,indicatif,présent,étudie
étudier,tu,indicatif,présent,étudies
étudier,il,indicatif,présent,étudie
étudier,elle,indicatif,présent,étudie
étudier,on,indicatif,présent,étudie
étudier,nous,indicatif,présent,étudions
étudier,vous,indicatif,présent,étudiez
étudier,ils,indicatif,présent,étudient
étudier,elles,indicatif,présent,étudient
fonder,je,indicatif,présent,fonde
fonder,tu,indicatif,présent,fondes
fonder,il,indicatif,présent,fonde
fonder,elle,indicatif,présent,fonde
fonder,on,indicatif,présent,fonde
fonder,nous,indicatif,présent,fondons
fonder,vous,indicatif,présent,fondez
fonder,ils,indicatif,présent,fondent
fonder,elles,indicatif,présent,fondent
frapper,je,indicatif,présent,frappe
frapper,tu,indicatif,présent,frappes
frapper,il,indicatif,présent,frappe
frapper,elle,indicatif,présent,frappe
frapper,on,indicatif,présent,frappe
frapper,nous,indicatif,présent,frappons
frapper,vous,indicatif,présent,frappez
frapper,ils,indicatif,présent,frappent
frapper,elles,indicatif,présent,frappent
gagner,je,indicatif,présent,gagne
gagner,tu,indicatif,présent,gagnes
gagner,il,indicatif,présent,gagne
gagner,elle,indicatif,présent,gagne
gagner,on,indicatif,présent,gagne
gagner,nous,indicatif,présent,gagnons
gagner,vous,indicatif,présent,gagnez
gagner,ils,indicatif,présent,gagnent
gagner,elles,indicatif,présent,gagnent
garder,je,indicatif,présent,garde
garder,tu,indicatif,présent,gardes
garder,il,indicatif,présent,garde
garder,elle,indicatif,présent,garde
garder,on,indicatif,présent,garde
garder,nous,indicatif,présent,gardons
garder,vous,indicatif,présent,gardez
garder,ils,indicatif,présent,gardent
garder,elles,indicatif,présent,gardent
habiter,je,indicatif,présent,habite
habiter,tu,indicatif,présent,habites
habiter,il,indicatif,présent,habite
habiter,elle,indicatif,présent,habite
habiter,on,indicatif,présent,habite
habiter,nous,indicatif,présent,habitons
habiter,vous,indicatif,présent,habitez
habiter,ils,indicatif,présent,habitent
habiter,elles,indicatif,présent,habitent
jouver,je,indicatif,présent,jouve
jouver,tu,indicatif,présent,jouves
jouver,il,indicatif,présent,jouve
jouver,elle,indicatif,présent,jouve
jouver,on,indicatif,présent,jouve
jouver,nous,indicatif,présent,jouvons
jouver,vous,indicatif,présent,jouvez
jouver,ils,indicatif,présent,jouvent
jouver,elles,indicatif,présent,jouvent
laisser,je,indicatif,présent,laisse
laisser,tu,indicatif,présent,laisses
laisser,il,indicatif,présent,laisse
laisser,elle,indicatif,présent,laisse
laisser,on,indicatif,présent,laisse
laisser,nous,indicatif,présent,laissons
laisser,vous,indicatif,présent,laissez
laisser,ils,indicatif,présent,laissent
laisser,elles,indicatif,présent,laissent
montrer,je,indicatif,présent,montre
montrer,tu,indicatif,présent,montres
montrer,il,indicatif,présent,montre
montrer,elle,indicatif,présent,montre
montrer,on,indicatif,présent,montre
montrer,nous,indicatif,présent,montrons
montrer,vous,indicatif,présent,montrez
montrer,ils,indicatif,présent,montrent
montrer,elles,indicatif,présent,montrent
oublier,je,indicatif,présent,oublie
oublier,tu,indicatif,présent,oublies
oublier,il,indicatif,présent,oublie
oublier,elle,indicatif,présent,oublie
oublier,on,indicatif,présent,oublie
oublier,nous,indicatif,présent,oublions
oublier,vous,indicatif,présent,oubliez
oublier,ils,indicatif,présent,oublient
oublier,elles,indicatif,présent,oublient
parler,je,indicatif,présent,parle
parler,tu,indicatif,présent,parles
parler,il,indicatif,présent,parle
parler,elle,indicatif,présent,parle
parler,on,indicatif,présent,parle
parler,nous,indicatif,présent,parlons
parler,vous,indicatif,présent,parlez
parler,ils,indicatif,présent,parlent
parler,elles,indicatif,présent,parlent
pousser,je,indicatif,présent,pousse
pousser,tu,indicatif,présent,pousses
pousser,il,indicatif,présent,pousse
pousser,elle,indicatif,présent,pousse
pousser,on,indicatif,présent,pousse
pousser,nous,indicatif,présent,poussons
pousser,vous,indicatif,présent,poussez
pousser,ils,indicatif,présent,poussent
pousser,elles,indicatif,présent,poussent
présenter,je,indicatif,présent,présente
présenter,tu,indicatif,présent,présentes
présenter,il,indicatif,présent,présente
présenter,elle,indicatif,présent,présente
présenter,on,indicatif,présent,présente
présenter,nous,indicatif,présent,présentons
présenter,vous,indicatif,présent,présentez
présenter,ils,indicatif,présent,présentent
présenter,elles,indicatif,présent,présentent
prêter,je,indicatif,présent,prête
prêter,tu,indicatif,présent,prêtes
prêter,il,indicatif,présent,prête
prêter,elle,indicatif,présent,prête
prêter,on,indicatif,présent,prête
prêter,nous,indicatif,présent,prêtons
prêter,vous,indicatif,présent,prêtez
prêter,ils,indicatif,présent,prêtent
prêter,elles,indicatif,présent,prêtent
raconter,je,indicatif,présent,raconte
raconter,tu,indicatif,présent,racontes
raconter,il,indicatif,présent,raconte
raconter,elle,indicatif,présent,raconte
raconter,on,indicatif,présent,raconte
raconter,nous,indicatif,présent,racontons
raconter,vous,indicatif,présent,racontez
raconter,ils,indicatif,présent,racontent
raconter,elles,indicatif,présent,racontent
recontrer,je,indicatif,présent,recontre
recontrer,tu,indicatif,présent,recontres
recontrer,il,indicatif,présent,recontre
recontrer,elle,indicatif,présent,recontre
recontrer,on,indicatif,présent,recontre
recontrer,nous,indicatif,présent,recontrons
recontrer,vous,indicatif,présent,recontrez
recontrer,ils,indicatif,présent,recontrent
recontrer,elles,indicatif,présent,recontrent
regarder,je,indicatif,présent,regarde
regarder,tu,indicatif,présent,regardes
regarder,il,indicatif,présent,regarde
regarder,elle,indicatif,présent,regarde
regarder,on,indicatif,présent,regarde
regarder,nous,indicatif,présent,regardons
regarder,vous,indicatif,présent,regardez
regarder,ils,indicatif,présent,regardent
regarder,elles,indicatif,présent,regardent
retrouver,je,indicatif,présent,retrouve
retrouver,tu,indicatif,présent,retrouves
retrouver,il,indicatif,présent,retrouve
retrouver,elle,indicatif,présent,retrouve
retrouver,on,indicatif,présent,retrouve
retrouver,nous,indicatif,présent,retrouvons
retrouver,vous,indicatif,présent,retrouvez
retrouver,ils,indicatif,présent,retrouvent
retrouver,elles,indicatif,présent,retrouvent
rester,je,indicatif,présent,reste
rester,tu,indicatif,présent,restes
rester,il,indicatif,présent,reste
rester,elle,indicatif,présent,reste
rester,on,indicatif,présent,reste
rester,nous,indicatif,présent,restons
rester,vous,indicatif,présent,restez
rester,ils,indicatif,présent,restent
rester,elles,indicatif,présent,restent
rouler,je,indicatif,présent,roule
rouler,tu,indicatif,présent,roules
rouler,il,indicatif,présent,roule
rouler,elle,indicatif,présent,roule
rouler,on,indicatif,présent,roule
rouler,nous,indicatif,présent,roulons
rouler,vous,indicatif,présent,roulez
rouler,ils,indicatif,présent,roulent
rouler,elles,indicatif,présent,roulent
saluer,je,indicatif,présent,salue
saluer,tu,indicatif,présent,salues
saluer,il,indicatif,présent,salue
saluer,elle,indicatif,présent,salue
saluer,on,indicatif,présent,salue
saluer,nous,indicatif,présent,saluons
saluer,vous,indicatif,présent,saluez
saluer,ils,indicatif,présent,saluent
saluer,elles,indicatif,présent,saluent
sauvegarder,je,indicatif,présent,sauvegarde
sauvegarder,tu,indicatif,présent,sauvegardes
sauvegarder,il,indicatif,présent,sauvegarde
sauvegarder,elle,indicatif,présent,sauvegarde
sauvegarder,on,indicatif,présent,sauvegarde
sauvegarder,nous,indicatif,présent,sauvegardons
sauvegarder,vous,indicatif,présent,sauvegardez
sauvegarder,ils,indicatif,présent,sauvegardent
sauvegarder,elles,indicatif,présent,sauvegardent
sauver,je,indicatif,présent,sauve
sauver,tu,indicatif,présent,sauves
sauver,il,indicatif,présent,sauve
sauver,elle,indicatif,présent,sauve
sauver,on,indicatif,présent,sauve
sauver,nous,indicatif,présent,sauvons
sauver,vous,indicatif,présent,sauvez
sauver,ils,indicatif,présent,sauvent
sauver,elles,indicatif,présent,sauvent
supporter,je,indicatif,présent,supporte
supporter,tu,indicatif,présent,supportes
supporter,il,indicatif,présent,supporte
supporter,elle,indicatif,présent,supporte
supporter,on,indicatif,présent,supporte
supporter,nous,indicatif,présent,supportons
supporter,vous,indicatif,présent,supportez
supporter,ils,indicatif,présent,supportent
supporter,elles,indicatif,présent,supportent
supprimer,je,indicatif,présent,supprime
supprimer,tu,indicatif,présent,supprimes
supprimer,il,indicatif,présent,supprime
supprimer,elle,indicatif,présent,supprime
supprimer,on,indicatif,présent,supprime
supprimer,nous,indicatif,présent,supprimons
supprimer,vous,indicatif,présent,supprimez
supprimer,ils,indicatif,présent,suppriment
supprimer,elles,indicatif,présent,suppriment
téléphoner,je,indicatif,présent,téléphone
téléphoner,tu,indicatif,présent,téléphones
téléphoner,il,indicatif,présent,téléphone
téléphoner,elle,indicatif,présent,téléphone
téléphoner,on,indicatif,présent,téléphone
téléphoner,nous,indicatif,présent,téléphonons
téléphoner,vous,indicatif,présent,téléphonez
téléphoner,ils,indicatif,présent,téléphonent
téléphoner,elles,indicatif,présent,téléphonent
terminer,je,indicatif,présent,termine
terminer,tu,indicatif,présent,termines
terminer,il,indicatif,présent,termine
terminer,elle,indicatif,présent,termine
terminer,on,indicatif,présent,termine
terminer,nous,indicatif,présent,terminons
terminer,vous,indicatif,présent,terminez
terminer,ils,indicatif,présent,terminent
terminer,elles,indicatif,présent,terminent
travailler,je,indicatif,présent,travaille
travailler,tu,indicatif,présent,travailles
travailler,il,indicatif,présent,travaille
travailler,elle,indicatif,présent,travaille
travailler,on,indicatif,présent,travaille
travailler,nous,indicatif,présent,travaillons
travailler,vous,indicatif,présent,travaillez
travailler,ils,indicatif,présent,travaillent
travailler,elles,indicatif,présent,travaillent
traverser,je,indicatif,présent,traverse
traverser,tu,indicatif,présent,traverses
traverser,il,indicatif,présent,traverse
traverser,elle,indicatif,présent,traverse
traverser,on,indicatif,présent,traverse
traverser,nous,indicatif,présent,traversons
traverser,vous,indicatif,présent,traversez
traverser,ils,indicatif,présent,traversent
traverser,elles,indicatif,présent,traversent
trouver,je,indicatif,présent,trouve
trouver,tu,indicatif,présent,trouves
trouver,il,indicatif,présent,trouve
trouver,elle,indicatif,présent,trouve
trouver,on,indicatif,présent,trouve
trouver,nous,indicatif,présent,trouvons
trouver,vous,indicatif,présent,trouvez
trouver,ils,indicatif,présent,trouvent
trouver,elles,indicatif,présent,trouvent
voler,je,indicatif,présent,vole
voler,tu,indicatif,présent,voles
voler,il,indicatif,présent,vole
voler,elle,indicatif,présent,vole
voler,on,indicatif,présent,vole
voler,nous,indicatif,présent,volons
voler,vous,indicatif,présent,volez
voler,ils,indicatif,présent,volent
voler,elles,indicatif,présent,volent
aménager,je,indicatif,présent,aménage
aménager,tu,indicatif,présent,aménages
aménager,il,indicatif,présent,aménage
aménager,elle,indicatif,présent,aménage
aménager,on,indicatif,présent,aménage
aménager,nous,indicatif,présent,aménageons
aménager,vous,indicatif,présent,aménagez
aménager,ils,indicatif,présent,aménagent
aménager,elles,indicatif,présent,aménagent
arranger,je,indicatif,présent,arrange
arranger,tu,indicatif,présent,arranges
arranger,il,indicatif,présent,arrange
arranger,elle,indicatif,présent,arrange
arranger,on,indicatif,présent,arrange
arranger,nous,indicatif,présent,arrangeons
arranger,vous,indicatif,présent,arrangez
arranger,ils,indicatif,présent,arrangent
arranger,elles,indicatif,présent,arrangent
changer,je,indicatif,présent,change
changer,tu,indicatif,présent,changes
changer,il,indicatif,présent,change
changer,elle,indicatif,présent,change
changer,on,indicatif,présent,change
changer,nous,indicatif,présent,changeons
changer,vous,indicatif,présent,changez
changer,ils,indicatif,présent,changent
changer,elles,indicatif,présent,changent
corriger,je,indicatif,présent,corrige
corriger,tu,indicatif,présent,corriges
corriger,il,indicatif,présent,corrige
corriger,elle,indicatif,présent,corrige
corriger,on,indicatif,présent,corrige
corriger,nous,indicatif,présent,corrigeons
corriger,vous,indicatif,présent,corrigez
corriger,ils,indicatif,présent,corrigent
corriger,elles,indicatif,présent,corrigent
décourager,je,indicatif,présent,décourage
décourager,tu,indicatif,présent,décourages
décourager,il,indicatif,présent,décourage
décourager,elle,indicatif,présent,décourage
décourager,on,indicatif,présent,décourage
décourager,nous,indicatif,présent,décourageons
décourager,vous,indicatif,présent,découragez
décourager,ils,indicatif,présent,découragent
décourager,elles,indicatif,présent,découragent
déménager,je,indicatif,présent,déménage
déménager,tu,indicatif,présent,déménages
déménager,il,indicatif,présent,déménage
déménager,elle,indicatif,présent,déménage
déménager,on,indicatif,présent,déménage
déménager,nous,indicatif,présent,déménageons
déménager,vous,indicatif,présent,déménagez
déménager,ils,indicatif,présent,déménagent
déménager,elles,indicatif,présent,déménagent
déranger,je,indicatif,présent,dérange
déranger,tu,indicatif,présent,déranges
déranger,il,indicatif,présent,dérange
déranger,elle,indicatif,présent,dérange
déranger,on,indicatif,présent,dérange
déranger,nous,indicatif,présent,dérangeons
déranger,vous,indicatif,présent,dérangez
déranger,ils,indicatif,présent,dérangent
déranger,elles,indicatif,présent,dérangent
diriger,je,indicatif,présent,dirige
diriger,tu,indicatif,présent,diriges
diriger,il,indicatif,présent,dirige
diriger,elle,indicatif,présent,dirige
diriger,on,indicatif,présent,dirige
diriger,nous,indicatif,présent,dirigeons
diriger,vous,indicatif,présent,dirigez
diriger,ils,indicatif,présent,dirigent
diriger,elles,indicatif,présent,dirigent
encourager,je,indicatif,présent,encourage
encourager,tu,indicatif,présent,encourages
encourager,il,indicatif,présent,encourage
encourager,elle,indicatif,présent,encourage
encourager,on,indicatif,présent,encourage
encourager,nous,indicatif,présent,encourageons
encourager,vous,indicatif,présent,encouragez
encourager,ils,indicatif,présent,encouragent
encourager,elles,indicatif,présent,encouragent
engager,je,indicatif,présent,engage
engager,tu,indicatif,présent,engages
engager,il,indicatif,présent,engage
engager,elle,indicatif,présent,engage
engager,on,indicatif,présent,engage
engager,nous,indicatif,présent,engageons
engager,vous,indicatif,présent,engagez
engager,ils,indicatif,présent,engagent
engager,elles,indicatif,présent,engagent
loger,je,indicatif,présent,loge
loger,tu,indicatif,présent,loges
loger,il,indicatif,présent,loge
loger,elle,indicatif,présent,loge
loger,on,indicatif,présent,loge
loger,nous,indicatif,présent,logeons
loger,vous,indicatif,présent,logez
loger,ils,indicatif,présent,logent
loger,elles,indicatif,présent,logent
manger,je,indicatif,présent,mange
manger,tu,indicatif,présent,manges
manger,il,indicatif,présent,mange
manger,elle,indicatif,présent,mange
manger,on,indicatif,présent,mange
manger,nous,indicatif,présent,mangeons
manger,vous,indicatif,présent,mangez
manger,ils,indicatif,présent,mangent
manger,elles,indicatif,présent,mangent
nager,je,indicatif,présent,nage
nager,tu,indicatif,présent,nages
nager,il,indicatif,présent,nage
nager,elle,indicatif,présent,nage
nager,on,indicatif,présent,nage
nager,nous,indicatif,présent,nageons
nager,vous,indicatif,présent,nagez
nager,ils,indicatif,présent,nagent
nager,elles,indicatif,présent,nagent
partager,je,indicatif,présent,partage
partager,tu,indicatif,présent,partages
partager,il,indicatif,présent,partage
partager,elle,indicatif,présent,partage
partager,on,indicatif,présent,partage
partager,nous,indicatif,présent,partageons
partager,vous,indicatif,présent,partagez
partager,ils,indicatif,présent,partagent
partager,elles,indicatif,présent,partagent
plonger,je,indicatif,présent,plonge
plonger,tu,indicatif,présent,plonges
plonger,il,indicatif,présent,plonge
plonger,elle,indicatif,présent,plonge
plonger,on,indicatif,présent,plonge
plonger,nous,indicatif,présent,plongeons
plonger,vous,indicatif,présent,plongez
plonger,ils,indicatif,présent,plongent
plonger,elles,indicatif,présent,plongent
ranger,je,indicatif,présent,range
ranger,tu,indicatif,présent,ranges
ranger,il,indicatif,présent,range
ranger,elle,indicatif,présent,range
ranger,on,indicatif,présent,range
ranger,nous,indicatif,présent,rangeons
ranger,vous,indicatif,présent,rangez
ranger,ils,indicatif,présent,rangent
ranger,elles,indicatif,présent,rangent
rédiger,je,indicatif,présent,rédige
rédiger,tu,indicatif,présent,rédiges
rédiger,il,indicatif,présent,rédige
rédiger,elle,indicatif,présent,rédige
rédiger,on,indicatif,présent,rédige
rédiger,nous,indicatif,présent,rédigeons
rédiger,vous,indicatif,présent,rédigez
rédiger,ils,indicatif,présent,rédigent
rédiger,elles,indicatif,présent,rédigent
télécharger,je,indicatif,présent,télécharge
télécharger,tu,indicatif,présent,télécharges
télécharger,il,indicatif,présent,télécharge
télécharger,elle,indicatif,présent,télécharge
télécharger,on,indicatif,présent,télécharge
télécharger,nous,indicatif,présent,téléchargeons
télécharger,vous,indicatif,présent,téléchargez
télécharger,ils,indicatif,présent,téléchargent
télécharger,elles,indicatif,présent,téléchargent
voyager,je,indicatif,présent,voyage
voyager,tu,indicatif,présent,voyages
voyager,il,indicatif,présent,voyage
voyager,elle,indicatif,présent,voyage
voyager,on,indicatif,présent,voyage
voyager,nous,indicatif,présent,voyageons
voyager,vous,indicatif,présent,voyagez
voyager,ils,indicatif,présent,voyagent
voyager,elles,indicatif,présent,voyagent
annoncer,je,indicatif,présent,annonce
annoncer,tu,indicatif,présent,annonces
annoncer,il,indicatif,présent,annonce
annoncer,elle,indicatif,présent,annonce
annoncer,on,indicatif,présent,annonce
annoncer,nous,indicatif,présent,annonçons
annoncer,vous,indicatif,présent,annoncez
annoncer,ils,indicatif,présent,annoncent
annoncer,elles,indicatif,présent,annoncent
avancer,je,indicatif,présent,avance
avancer,tu,indicatif,présent,avances
avancer,il,indicatif,présent,avance
avancer,elle,indicatif,présent,avance
avancer,on,indicatif,présent,avance
avancer,nous,indicatif,présent,avançons
avancer,vous,indicatif,présent,avancez
avancer,ils,indicatif,présent,avancent
avancer,elles,indicatif,présent,avancent
commencer,je,indicatif,présent,commence
commencer,tu,indicatif,présent,commences
commencer,il,indicatif,présent,commence
commencer,elle,indicatif,présent,commence
commencer,on,indicatif,présent,commence
commencer,nous,indicatif,présent,commençons
commencer,vous,indicatif,présent,commencez
commencer,ils,indicatif,présent,commencent
commencer,elles,indicatif,présent,commencent
divorcer,je,indicatif,présent,divorce
divorcer,tu,indicatif,présent,divorces
divorcer,il,indicatif,présent,divorce
divorcer,elle,indicatif,présent,divorce
divorcer,on,indicatif,présent,divorce
divorcer,nous,indicatif,présent,divorçons
divorcer,vous,indicatif,présent,divorcez
divorcer,ils,indicatif,présent,divorcent
divorcer,elles,indicatif,présent,divorcent
effacer,je,indicatif,présent,efface
effacer,tu,indicatif,présent,effaces
effacer,il,indicatif,présent,efface
effacer,elle,indicatif,présent,efface
effacer,on,indicatif,présent,efface
effacer,nous,indicatif,présent,effaçons
effacer,vous,indicatif,présent,effacez
effacer,ils,indicatif,présent,effacent
effacer,elles,indicatif,présent,effacent
lancer,je,indicatif,présent,lance
lancer,tu,indicatif,présent,lances
lancer,il,indicatif,présent,lance
lancer,elle,indicatif,présent,lance
lancer,on,indicatif,présent,lance
lancer,nous,indicatif,présent,lançons
lancer,vous,indicatif,présent,lancez
lancer,ils,indicatif,présent,lancent
lancer,elles,indicatif,présent,lancent
menacer,je,indicatif,présent,menace
menacer,tu,indicatif,présent,menaces
menacer,il,indicatif,présent,menace
menacer,elle,indicatif,présent,menace
menacer,on,indicatif,présent,menace
menacer,nous,indicatif,présent,menaçons
menacer,vous,indicatif,présent,menacez
menacer,ils,indicatif,présent,menacent
menacer,elles,indicatif,présent,menacent
placer,je,indicatif,présent,place
placer,tu,indicatif,présent,places
placer,il,indicatif,présent,place
placer,elle,indicatif,présent,place
placer,on,indicatif,présent,place
placer,nous,indicatif,présent,plaçons
placer,vous,indicatif,présent,placez
placer,ils,indicatif,présent,placent
placer,elles,indicatif,présent,placent
prononcer,je,indicatif,présent,prononce
prononcer,tu,indicatif,présent,prononces
prononcer,il,indicatif,présent,prononce
prononcer,elle,indicatif,présent,prononce
prononcer,on,indicatif,présent,prononce
prononcer,nous,indicatif,présent,prononçons
prononcer,vous,indicatif,présent,prononcez
prononcer,ils,indicatif,présent,prononcent
prononcer,elles,indicatif,présent,prononcent
renoncer,je,indicatif,présent,renonce
renoncer,tu,indicatif,présent,renonces
renoncer,il,indicatif,présent,renonce
renoncer,elle,indicatif,présent,renonce
renoncer,on,indicatif,présent,renonce
renoncer,nous,indicatif,présent,renonçons
renoncer,vous,indicatif,présent,renoncez
renoncer,ils,indicatif,présent,renoncent
renoncer,elles,indicatif,présent,renoncent
replacer,je,indicatif,présent,replace
replacer,tu,indicatif,présent,replaces
replacer,il,indicatif,présent,replace
replacer,elle,indicatif,présent,replace
replacer,on,indicatif,présent,replace
replacer,nous,indicatif,présent,replaçons
replacer,vous,indicatif,présent,replacez
replacer,ils,indicatif,présent,replacent
replacer,elles,indicatif,présent,replacent
appuyer,je,indicatif,présent,appuie
appuyer,tu,indicatif,présent,appuies
appuyer,il,indicatif,présent,appuie
appuyer,elle,indicatif,présent,appuie
appuyer,on,indicatif,présent,appuie
appuyer,nous,indicatif,présent,appuyons
appuyer,vous,indicatif,présent,appuyez
appuyer,ils,indicatif,présent,appuient
appuyer,elles,indicatif,présent,appuient
balayer,je,indicatif,présent,balaie
balayer,tu,indicatif,présent,balaies
balayer,il,indicatif,présent,balaie
balayer,elle,indicatif,présent,balaie
balayer,on,indicatif,présent,balaie
balayer,nous,indicatif,présent,balayons
balayer,vous,indicatif,présent,balayez
balayer,ils,indicatif,présent,balaient
balayer,elles,indicatif,présent,balaient
effrayer,je,indicatif,présent,effraie
effrayer,tu,indicatif,présent,effraies
effrayer,il,indicatif,présent,effraie
effrayer,elle,indicatif,présent,effraie
effrayer,on,indicatif,présent,effraie
effrayer,nous,indicatif,présent,effrayons
effrayer,vous,indicatif,présent,effrayez
effrayer,ils,indicatif,présent,effraient
effrayer,elles,indicatif,présent,effraient
employer,je,indicatif,présent,emploie
employer,tu,indicatif,présent,emploies
employer,il,indicatif,présent,emploie
employer,elle,indicatif,présent,emploie
employer,on,indicatif,présent,emploie
employer,nous,indicatif,présent,employons
employer,vous,indicatif,présent,employez
employer,ils,indicatif,présent,emploient
employer,elles,indicatif,présent,emploient
ennuyer,je,indicatif,présent,ennuie
ennuyer,tu,indicatif,présent,ennuies
ennuyer,il,indicatif,présent,ennuie
ennuyer,elle,indicatif,présent,ennuie
ennuyer,on,indicatif,présent,ennuie
ennuyer,nous,indicatif,présent,ennuyons
ennuyer,vous,indicatif,présent,ennuyez
ennuyer,ils,indicatif,présent,ennuient
ennuyer,elles,indicatif,présent,ennuient
envoyer,je,indicatif,présent,envoie
envoyer,tu,indicatif,présent,envoies
envoyer,il,indicatif,présent,envoie
envoyer,elle,indicatif,présent,envoie
envoyer,on,indicatif,présent,envoie
envoyer,nous,indicatif,présent,envoyons
envoyer,vous,indicatif,présent,envoyez
envoyer,ils,indicatif,présent,envoient
envoyer,elles,indicatif,présent,envoient
essayer,je,indicatif,présent,essaie
essayer,tu,indicatif,présent,essaies
essayer,il,indicatif,présent,essaie
essayer,elle,indicatif,présent,essaie
essayer,on,indicatif,présent,essaie
essayer,nous,indicatif,présent,essayons
essayer,vous,indicatif,présent,essayez
essayer,ils,indicatif,présent,essaient
essayer,elles,indicatif,présent,essaient
essuyer,je,indicatif,présent,essuie
essuyer,tu,indicatif,présent,essuies
essuyer,il,indicatif,présent,essuie
essuyer,elle,indicatif,présent,essuie
essuyer,on,indicatif,présent,essuie
essuyer,nous,indicatif,présent,essuyons
essuyer,vous,indicatif,présent,essuyez
essuyer,ils,indicatif,présent,essuient
essuyer,elles,indicatif,présent,essuient
nettoyer,je,indicatif,présent,nettoie
nettoyer,tu,indicatif,présent,nettoies
nettoyer,il,indicatif,présent,nettoie
nettoyer,elle,indicatif,présent,nettoie
nettoyer,on,indicatif,présent,nettoie
nettoyer,nous,indicatif,présent,nettoyons
nettoyer,vous,indicatif,présent,nettoyez
nettoyer,ils,indicatif,présent,nettoient
nettoyer,elles,indicatif,présent,nettoient
noyer,je,indicatif,présent,noie
noyer,tu,indicatif,présent,noies
noyer,il,indicatif,présent,noie
noyer,elle,indicatif,présent,noie
noyer,on,indicatif,présent,noie
noyer,nous,indicatif,présent,noyons
noyer,vous,indicatif,présent,noyez
noyer,ils,indicatif,présent,noient
noyer,elles,indicatif,présent,noient
payer,je,indicatif,présent,paie
payer,tu,indicatif,présent,paies
payer,il,indicatif,présent,paie
payer,elle,indicatif,présent,paie
payer,on,indicatif,présent,paie
payer,nous,indicatif,présent,payons
payer,vous,indicatif,présent,payez
payer,ils,indicatif,présent,paient
payer,elles,indicatif,présent,paient
rayer,je,indicatif,présent,raie
rayer,tu,indicatif,présent,raies
rayer,il,indicatif,présent,raie
rayer,elle,indicatif,présent,raie
rayer,on,indicatif,présent,raie
rayer,nous,indicatif,présent,rayons
rayer,vous,indicatif,présent,rayez
rayer,ils,indicatif,présent,raient
rayer,elles,indicatif,présent,raient
renvoyer,je,indicatif,présent,renvoie
renvoyer,tu,indicatif,présent,renvoies
renvoyer,il,indicatif,présent,renvoie
renvoyer,elle,indicatif,présent,renvoie
renvoyer,on,indicatif,présent,renvoie
renvoyer,nous,indicatif,présent,renvoyons
renvoyer,vous,indicatif,présent,renvoyez
renvoyer,ils,indicatif,présent,renvoient
renvoyer,elles,indicatif,présent,renvoient
tutoyer,je,indicatif,présent,tutoie
tutoyer,tu,indicatif,présent,tutoies
tutoyer,il,indicatif,présent,tutoie
tutoyer,elle,indicatif,présent,tutoie
tutoyer,on,indicatif,présent,tutoie
tutoyer,nous,indicatif,présent,tutoyons
tutoyer,vous,indicatif,présent,tutoyez
tutoyer,ils,indicatif,présent,tutoient
tutoyer,elles,indicatif,présent,tutoient
vouvoyer,je,indicatif,présent,vouvoie
vouvoyer,tu,indicatif,présent,vouvoies
vouvoyer,il,indicatif,présent,vouvoie
vouvoyer,elle,indicatif,présent,vouvoie
vouvoyer,on,indicatif,présent,vouvoie
vouvoyer,nous,indicatif,présent,vouvoyons
vouvoyer,vous,indicatif,présent,vouvoyez
vouvoyer,ils,indicatif,présent,vouvoient
vouvoyer,elles,indicatif,présent,vouvoient
acheter,je,indicatif,présent,achète
acheter,tu,indicatif,présent,achètes
acheter,il,indicatif,présent,achète
acheter,elle,indicatif,présent,achète
acheter,on,indicatif,présent,achète
acheter,nous,indicatif,présent,achetons
acheter,vous,indicatif,présent,achetez
acheter,ils,indicatif,présent,achètent
acheter,elles,indicatif,présent,achètent
amener,je,indicatif,présent,amène
amener,tu,indicatif,présent,amènes
amener,il,indicatif,présent,amène
amener,elle,indicatif,présent,amène
amener,on,indicatif,présent,amène
amener,nous,indicatif,présent,amenons
amener,vous,indicatif,présent,amenez
amener,ils,indicatif,présent,amènent
amener,elles,indicatif,présent,amènent
emmener,je,indicatif,présent,emmène
emmener,tu,indicatif,présent,emmènes
emmener,il,indicatif,présent,emmène
emmener,elle,indicatif,présent,emmène
emmener,on,indicatif,présent,emmène
emmener,nous,indicatif,présent,emmenons
emmener,vous,indicatif,présent,emmenez
emmener,ils,indicatif,présent,emmènent
emmener,elles,indicatif,présent,emmènent
enlever,je,indicatif,présent,enlève
enlever,tu,indicatif,présent,enlèves
enlever,il,indicatif,présent,enlève
enlever,elle,indicatif,présent,enlève
enlever,on,indicatif,présent,enlève
enlever,nous,indicatif,présent,enlevons
enlever,vous,indicatif,présent,enlevez
enlever,ils,indicatif,présent,enlèvent
enlever,elles,indicatif,présent,enlèvent
geler,je,indicatif,présent,gèle
geler,tu,indicatif,présent,gèles
geler,il,indicatif,présent,gèle
geler,elle,indicatif,présent,gèle
geler,on,indicatif,présent,gèle
geler,nous,indicatif,présent,gelons
geler,vous,indicatif,présent,gelez
geler,ils,indicatif,présent,gèlent
geler,elles,indicatif,présent,gèlent
lever,je,indicatif,présent,lève
lever,tu,indicatif,présent,lèves
lever,il,indicatif,présent,lève
lever,elle,indicatif,présent,lève
lever,on,indicatif,présent,lève
lever,nous,indicatif,présent,levons
lever,vous,indicatif,présent,levez
lever,ils,indicatif,présent,lèvent
lever,elles,indicatif,présent,lèvent
mener,je,indicatif,présent,mène
mener,tu,indicatif,présent,mènes
mener,il,indicatif,présent,mène
mener,elle,indicatif,présent,mène
mener,on,indicatif,présent,mène
mener,nous,indicatif,présent,menons
mener,vous,indicatif,présent,menez
mener,ils,indicatif,présent,mènent
mener,elles,indicatif,présent,mènent
peser,je,indicatif,présent,pèse
peser,tu,indicatif,présent,pèses
peser,il,indicatif,présent,pèse
peser,elle,indicatif,présent,pèse
peser,on,indicatif,présent,pèse
peser,nous,indicatif,présent,pesons
peser,vous,indicatif,présent,pesez
peser,ils,indicatif,présent,pèsent
peser,elles,indicatif,présent,pèsent
promener,je,indicatif,présent,promène
promener,tu,indicatif,présent,promènes
promener,il,indicatif,présent,promène
promener,elle,indicatif,présent,promène
promener,on,indicatif,présent,promène
promener,nous,indicatif,présent,promenons
promener,vous,indicatif,présent,promenez
promener,ils,indicatif,présent,promènent
promener,elles,indicatif,présent,promènent
appeler,je,indicatif,présent,appelle
appeler,tu,indicatif,présent,appelles
appeler,il,indicatif,présent,appelle
appeler,elle,indicatif,présent,appelle
appeler,on,indicatif,présent,appelle
appeler,nous,indicatif,présent,appelons
appeler,vous,indicatif,présent,appelez
appeler,ils,indicatif,présent,appellent
appeler,elles,indicatif,présent,appellent
épeler,je,indicatif,présent,épelle
épeler,tu,indicatif,présent,épelles
épeler,il,indicatif,présent,épelle
épeler,elle,indicatif,présent,épelle
épeler,on,indicatif,présent,épelle
épeler,nous,indicatif,présent,épelons
épeler,vous,indicatif,présent,épelez
épeler,ils,indicatif,présent,épellent
épeler,elles,indicatif,présent,épellent
feuilleter,je,indicatif,présent,feuillette
feuilleter,tu,indicatif,présent,feuillettes
feuilleter,il,indicatif,présent,feuillette
feuilleter,elle,indicatif,présent,feuillette
feuilleter,on,indicatif,présent,feuillette
feuilleter,nous,indicatif,présent,feuilletons
feuilleter,vous,indicatif,présent,feuilletez
feuilleter,ils,indicatif,présent,feuillettent
feuilleter,elles,indicatif,présent,feuillettent
jeter,je,indicatif,présent,jette
jeter,tu,indicatif,présent,jettes
jeter,il,indicatif,présent,jette
jeter,elle,indicatif,présent,jette
jeter,on,indicatif,présent,jette
jeter,nous,indicatif,présent,jetons
jeter,vous,indicatif,présent,jetez
jeter,ils,indicatif,présent,jettent
jeter,elles,indicatif,présent,jettent
projeter,je,indicatif,présent,projette
projeter,tu,indicatif,présent,projettes
projeter,il,indicatif,présent,projette
projeter,elle,indicatif,présent,projette
projeter,on,indicatif,présent,projette
projeter,nous,indicatif,présent,projetons
projeter,vous,indicatif,présent,projetez
projeter,ils,indicatif,présent,projettent
projeter,elles,indicatif,présent,projettent
rappeler,je,indicatif,présent,rappelle
rappeler,tu,indicatif,présent,rappelles
rappeler,il,indicatif,présent,rappelle
rappeler,elle,indicatif,présent,rappelle
rappeler,on,indicatif,présent,rappelle
rappeler,nous,indicatif,présent,rappelons
rappeler,vous,indicatif,présent,rappelez
rappeler,ils,indicatif,présent,rappellent
rappeler,elles,indicatif,présent,rappellent
rejeter,je,indicatif,présent,rejette
rejeter,tu,indicatif,présent,rejettes
rejeter,il,indicatif,présent,rejette
rejeter,elle,indicatif,présent,rejette
rejeter,on,indicatif,présent,rejette
rejeter,nous,indicatif,présent,rejetons
rejeter,vous,indicatif,présent,rejetez
rejeter,ils,indicatif,présent,rejettent
rejeter,elles,indicatif,présent,rejettent
renouveler,je,indicatif,présent,renouvelle
renouveler,tu,indicatif,présent,renouvelles
renouveler,il,indicatif,présent,renouvelle
renouveler,elle,indicatif,présent,renouvelle
renouveler,on,indicatif,présent,renouvelle
renouveler,nous,indicatif,présent,renouvelons
renouveler,vous,indicatif,présent,renouvelez
renouveler,ils,indicatif,présent,renouvellent
renouveler,elles,indicatif,présent,renouvellent
espérer,je,indicatif,présent,espère
espérer,tu,indicatif,présent,espères
espérer,il,indicatif,présent,espère
espérer,elle,indicatif,présent,espère
espérer,on,indicatif,présent,espère
espérer,nous,indicatif,présent,espérons
espérer,vous,indicatif,présent,espérez
espérer,ils,indicatif,présent,espèrent
espérer,elles,indicatif,présent,espèrent
préférer,je,indicatif,présent,préfère
préférer,tu,indicatif,présent,préfères
préférer,il,indicatif,présent,préfère
préférer,elle,indicatif,présent,préfère
préférer,on,indicatif,présent,préfère
préférer,nous,indicatif,présent,préférons
préférer,vous,indicatif,présent,préférez
préférer,ils,indicatif,présent,préfèrent
préférer,elles,indicatif,présent,préfèrent
céder,je,indicatif,présent,cède
céder,tu,indicatif,présent,cèdes
céder,il,indicatif,présent,cède
céder,elle,indicatif,présent,cède
céder,on,indicatif,présent,cède
céder,nous,indicatif,présent,cédons
céder,vous,indicatif,présent,cédez
céder,ils,indicatif,présent,cèdent
céder,elles,indicatif,présent,cèdent
célébrer,je,indicatif,présent,célèbre
célébrer,tu,indicatif,présent,célèbres
célébrer,il,indicatif,présent,célèbre
célébrer,elle,indicatif,présent,célèbre
célébrer,on,indicatif,présent,célèbre
célébrer,nous,indicatif,présent,célébrons
célébrer,vous,indicatif,présent,célébrez
célébrer,ils,indicatif,présent,célèbrent
célébrer,elles,indicatif,présent,célèbrent
compléter,je,indicatif,présent,complète
compléter,tu,indicatif,présent,complètes
compléter,il,indicatif,présent,complète
compléter,elle,indicatif,présent,complète
compléter,on,indicatif,présent,complète
compléter,nous,indicatif,présent,complétons
compléter,vous,indicatif,présent,complétez
compléter,ils,indicatif,présent,complètent
compléter,elles,indicatif,présent,complètent
protéger,je,indicatif,présent,protège
protéger,tu,indicatif,présent,protèges
protéger,il,indicatif,présent,protège
protéger,elle,indicatif,présent,protège
protéger,on,indicatif,présent,protège
protéger,nous,indicatif,présent,protégeons
protéger,vous,indicatif,présent,protégez
protéger,ils,indicatif,présent,protègent
protéger,elles,indicatif,présent,protègent
refléter,je,indicatif,présent,reflète
refléter,tu,indicatif,présent,reflètes
refléter,il,indicatif,présent,reflète
refléter,elle,indicatif,présent,reflète
refléter,on,indicatif,présent,reflète
refléter,nous,indicatif,présent,reflétons
refléter,vous,indicatif,présent,reflétez
refléter,ils,indicatif,présent,reflètent
refléter,elles,indicatif,présent,reflètent
répéter,je,indicatif,présent,répète
répéter,tu,indicatif,présent,répètes
répéter,il,indicatif,présent,répète
répéter,elle,indicatif,présent,répète
répéter,on,indicatif,présent,répète
répéter,nous,indicatif,présent,répétons
répéter,vous,indicatif,présent,répétez
répéter,ils,indicatif,présent,répètent
répéter,elles,indicatif,présent,répètent
révéler,je,indicatif,présent,révèle
révéler,tu,indicatif,présent,révèles
révéler,il,indicatif,présent,révèle
révéler,elle,indicatif,présent,révèle
révéler,on,indicatif,présent,révèle
révéler,nous,indicatif,présent,révélons
révéler,vous,indicatif,présent,révélez
révéler,ils,indicatif,présent,révèlent
révéler,elles,indicatif,présent,révèlent
maintenir,je,indicatif,présent,maintiens
maintenir,tu,indicatif,présent,maintiens
maintenir,il,indicatif,présent,maintient
maintenir,elle,indicatif,présent,maintient
maintenir,on,indicatif,présent,maintient
maintenir,nous,indicatif,présent,maintenons
maintenir,vous,indicatif,présent,maintenez
maintenir,ils,indicatif,présent,maintiennent
maintenir,elles,indicatif,présent,maintiennent
aller,je,indicatif,présent,vais
aller,tu,indicatif,présent,vas
aller,il,indicatif,présent,va
aller,elle,indicatif,présent,va
aller,on,indicatif,présent,va
aller,nous,indicatif,présent,allons
aller,vous,indicatif,présent,allez
aller,ils,indicatif,présent,vont
aller,elles,indicatif,présent,vont
surprendre,je,indicatif,présent,surprends
surprendre,tu,indicatif,présent,surprends
surprendre,il,indicatif,présent,surprend
surprendre,elle,indicatif,présent,surprend
surprendre,on,indicatif,présent,surprend
surprendre,nous,indicatif,présent,surprenons
surprendre,vous,indicatif,présent,surprenez
surprendre,ils,indicatif,présent,surprennent
surprendre,elles,indicatif,présent,surprennent
tenir,je,indicatif,présent,tiens
tenir,tu,indicatif,présent,tiens
tenir,il,indicatif,présent,tient
tenir,elle,indicatif,présent,tient
tenir,on,indicatif,présent,tient
tenir,nous,indicatif,présent,tenons
tenir,vous,indicatif,présent,tenez
tenir,ils,indicatif,présent,tiennent
tenir,elles,indicatif,présent,tiennent
devenir,je,indicatif,présent,deviens
devenir,tu,indicatif,présent,deviens
devenir,il,indicatif,présent,devient
devenir,elle,indicatif,présent,devient
devenir,on,indicatif,présent,devient
devenir,nous,indicatif,présent,devenons
devenir,vous,indicatif,présent,devenez
devenir,ils,indicatif,présent,deviennent
devenir,elles,indicatif,présent,deviennent
pouvoir,je,indicatif,présent,peux
pouvoir,tu,indicatif,présent,peux
pouvoir,il,indicatif,présent,peut
pouvoir,elle,indicatif,présent,peut
pouvoir,on,indicatif,présent,peut
pouvoir,nous,indicatif,présent,pouvons
pouvoir,vous,indicatif,présent,pouvez
pouvoir,ils,indicatif,présent,peuvent
pouvoir,elles,indicatif,présent,peuvent
dire,je,indicatif,présent,dis
dire,tu,indicatif,présent,dis
dire,il,indicatif,présent,dit
dire,elle,indicatif,présent,dit
dire,on,indicatif,présent,dit
dire,nous,indicatif,présent,disons
dire,vous,indicatif,présent,dites
dire,ils,indicatif,présent,disent
dire,elles,indicatif,présent,disent
revenir,je,indicatif,présent,reviens
revenir,tu,indicatif,présent,reviens
revenir,il,indicatif,présent,revient
revenir,elle,indicatif,présent,revient
revenir,on,indicatif,présent,revient
revenir,nous,indicatif,présent,revenons
revenir,vous,indicatif,présent,revenez
revenir,ils,indicatif,présent,reviennent
revenir,elles,indicatif,présent,reviennent
avoir,je,indicatif,présent,suis
avoir,tu,indicatif,présent,es
avoir,il,indicatif,présent,est
avoir,elle,indicatif,présent,est
avoir,on,indicatif,présent,est
avoir,nous,indicatif,présent,sommes
avoir,vous,indicatif,présent,êtes
avoir,ils,indicatif,présent,sont
avoir,elles,indicatif,présent,sont
lire,je,indicatif,présent,lis
lire,tu,indicatif,présent,lis
lire,il,indicatif,présent,lit
lire,elle,indicatif,présent,lit
lire,on,indicatif,présent,lit
lire,nous,indicatif,présent,lisons
lire,vous,indicatif,présent,lisez
lire,ils,indicatif,présent,lisent
lire,elles,indicatif,présent,lisent
venir,je,indicatif,présent,viens
venir,tu,indicatif,présent,viens
venir,il,indicatif,présent,vient
venir,elle,indicatif,présent,vient
venir,on,indicatif,présent,vient
venir,nous,indicatif,présent,venons
venir,vous,indicatif,présent,venez
venir,ils,indicatif,présent,viennent
venir,elles,indicatif,présent,viennent
dormir,je,indicatif,présent,dors
dormir,tu,indicatif,présent,dors
dormir,il,indicatif,présent,dort
dormir,elle,indicatif,présent,dort
dormir,on,indicatif,présent,dort
dormir,nous,indicatif,présent,dormons
dormir,vous,indicatif,présent,dormez
dormir,ils,indicatif,présent,dorment
dormir,elles,indicatif,présent,dorment
devoir,je,indicatif,présent,dois
devoir,tu,indicatif,présent,dois
devoir,il,indicatif,présent,doit
devoir,elle,indicatif,présent,doit
devoir,on,indicatif,présent,doit
devoir,nous,indicatif,présent,devons
devoir,vous,indicatif,présent,devez
devoir,ils,indicatif,présent,doivent
devoir,elles,indicatif,présent,doivent
être,je,indicatif,présent,suis
être,tu,indicatif,présent,es
être,il,indicatif,présent,est
être,elle,indicatif,présent,est
être,on,indicatif,présent,est
être,nous,indicatif,présent,sommes
être,vous,indicatif,présent,êtes
être,ils,indicatif,présent,sont
être,elles,indicatif,présent,sont
comprendre,je,indicatif,présent,comprends
comprendre,tu,indicatif,présent,comprends
comprendre,il,indicatif,présent,comprend
comprendre,elle,indicatif,présent,comprend
comprendre,on,indicatif,présent,comprend
comprendre,nous,indicatif,présent,comprenons
comprendre,vous,indicatif,présent,comprenez
comprendre,ils,indicatif,présent,comprennent
comprendre,elles,indicatif,présent,comprennent
savoir,je,indicatif,présent,sais
savoir,tu,indicatif,présent,sais
savoir,il,indicatif,présent,sait
savoir,elle,indicatif,présent,sait
savoir,on,indicatif,présent,sait
savoir,nous,indicatif,présent,savons
savoir,vous,indicatif,présent,savez
savoir,ils,indicatif,présent,savent
savoir,elles,indicatif,présent,savent
sortir,je,indicatif,présent,sors
sortir,tu,indicatif,présent,sors
sortir,il,indicatif,présent,sort
sortir,elle,indicatif,présent,sort
sortir,on,indicatif,présent,sort
sortir,nous,indicatif,présent,sortons
sortir,vous,indicatif,présent,sortez
sortir,ils,indicatif,présent,sortent
sortir,elles,indicatif,présent,sortent
prendre,je,indicatif,présent,prends
prendre,tu,indicatif,présent,prends
prendre,il,indicatif,présent,prend
prendre,elle,indicatif,présent,prend
prendre,on,indicatif,présent,prend
prendre,nous,indicatif,présent,prenons
prendre,vous,indicatif,présent,prenez
prendre,ils,indicatif,présent,prennent
prendre,elles,indicatif,présent,prennent
apprendre,je,indicatif,présent,apprends
apprendre,tu,indicatif,présent,apprends
apprendre,il,indicatif,présent,apprend
apprendre,elle,indicatif,présent,apprend
apprendre,on,indicatif,présent,apprend
apprendre,nous,indicatif,présent,apprenons
apprendre,vous,indicatif,présent,apprenez
apprendre,ils,indicatif,présent,apprennent
apprendre,elles,indicatif,présent,apprennent
faire,je,indicatif,présent,fais
faire,tu,indicatif,présent,fais
faire,il,indicatif,présent,fait
faire,elle,indicatif,présent,fait
faire,on,indicatif,présent,fait
faire,nous,indicatif,présent,faisons
faire,vous,indicatif,présent,faites
faire,ils,indicatif,présent,font
faire,elles,indicatif,présent,font
retenir,je,indicatif,présent,retiens
retenir,tu,indicatif,présent,retiens
retenir,il,indicatif,présent,retient
retenir,elle,indicatif,présent,retient
retenir,on,indicatif,présent,retient
retenir,nous,indicatif,présent,retenons
retenir,vous,indicatif,présent,retenez
retenir,ils,indicatif,présent,retiennent
retenir,elles,indicatif,présent,retiennent
vouloir,je,indicatif,présent,veux
vouloir,tu,indicatif,présent,veux
vouloir,il,indicatif,présent,veut
vouloir,elle,indicatif,présent,veut
vouloir,on,indicatif,présent,veut
vouloir,nous,indicatif,présent,voulons
vouloir,vous,indicatif,présent,voulez
vouloir,ils,indicatif,présent,veulent
vouloir,elles,indicatif,présent,veulent
partir,je,indicatif,présent,pars
partir,tu,indicatif,présent,pars
partir,il,indicatif,présent,part
partir,elle,indicatif,présent,part
partir,on,indicatif,présent,part
partir,nous,indicatif,présent,partons
partir,vous,indicatif,présent,partez
partir,ils,indicatif,présent,partent
partir,elles,indicatif,présent,partent
